{"cameraMode":{"drawMode":0,"name":"Shaded","section":"Shading Mode"},"sceneLighting":true,"audioPlay":false,"sceneViewState":{"showFog":true,"showMaterialUpdate":false,"showSkybox":true,"showFlares":true,"showImageEffects":true,"showParticleSystems":true},"in2DMode":false,"pivot":{"x":-355.4044494628906,"y":22.04261016845703,"z":-225.33929443359376},"rotation":{"x":-0.05236314609646797,"y":0.2660491168498993,"z":-0.014318347908556462,"w":-0.9626007080078125},"size":239.55593872070313,"orthographic":false}