{"cameraMode":{"drawMode":0,"name":"Shaded","section":"Shading Mode"},"sceneLighting":true,"audioPlay":false,"sceneViewState":{"showFog":true,"showMaterialUpdate":false,"showSkybox":true,"showFlares":true,"showImageEffects":true,"showParticleSystems":true},"in2DMode":false,"pivot":{"x":61.30624008178711,"y":252.27264404296876,"z":174.9788360595703},"rotation":{"x":-0.022034144029021264,"y":0.9764053821563721,"z":-0.12102073431015015,"w":-0.1783735454082489},"size":159.8125762939453,"orthographic":false}