{"cameraMode":{"drawMode":0,"name":"Shaded","section":"Shading Mode"},"sceneLighting":true,"audioPlay":false,"sceneViewState":{"showFog":true,"showMaterialUpdate":false,"showSkybox":true,"showFlares":true,"showImageEffects":true,"showParticleSystems":true},"in2DMode":false,"pivot":{"x":104.18385314941406,"y":-43.677825927734378,"z":43.1771240234375},"rotation":{"x":-0.5725852847099304,"y":0.16337376832962037,"z":-0.11778165400028229,"w":-0.7948046326637268},"size":288.7767333984375,"orthographic":false}