{"cameraMode":{"drawMode":0,"name":"Shaded","section":"Shading Mode"},"sceneLighting":true,"audioPlay":false,"sceneViewState":{"showFog":true,"showMaterialUpdate":false,"showSkybox":true,"showFlares":true,"showImageEffects":true,"showParticleSystems":true},"in2DMode":false,"pivot":{"x":-0.933624267578125,"y":-0.5300006866455078,"z":1.6008148193359376},"rotation":{"x":-0.21537846326828004,"y":0.783331573009491,"z":-0.38449883460998537,"w":-0.4387803077697754},"size":177.36163330078126,"orthographic":false}