{"cameraMode":{"drawMode":0,"name":"Shaded","section":"Shading Mode"},"sceneLighting":true,"audioPlay":false,"sceneViewState":{"showFog":true,"showMaterialUpdate":false,"showSkybox":true,"showFlares":true,"showImageEffects":true,"showParticleSystems":true},"in2DMode":false,"pivot":{"x":206.84609985351563,"y":-52.51383972167969,"z":45.558135986328128},"rotation":{"x":-0.08884267508983612,"y":-0.9045277237892151,"z":0.3484760522842407,"w":-0.22981670498847962},"size":67.96574401855469,"orthographic":false}