{"cameraMode":{"drawMode":0,"name":"Shaded","section":"Shading Mode"},"sceneLighting":true,"audioPlay":false,"sceneViewState":{"showFog":true,"showMaterialUpdate":false,"showSkybox":true,"showFlares":true,"showImageEffects":true,"showParticleSystems":true},"in2DMode":false,"pivot":{"x":199.52008056640626,"y":19.460527420043947,"z":-26.96953582763672},"rotation":{"x":-0.062211986631155017,"y":0.8942489624023438,"z":-0.13130487501621247,"w":-0.4233877658843994},"size":133.3882598876953,"orthographic":false}