{"cameraMode":{"drawMode":0,"name":"Shaded","section":"Shading Mode"},"sceneLighting":true,"audioPlay":false,"sceneViewState":{"showFog":true,"showMaterialUpdate":false,"showSkybox":true,"showFlares":true,"showImageEffects":true,"showParticleSystems":true},"in2DMode":false,"pivot":{"x":193.2161865234375,"y":90.35708618164063,"z":-45.756080627441409},"rotation":{"x":-0.14976727962493897,"y":0.8504793047904968,"z":-0.35884225368499758,"w":-0.3547145128250122},"size":61.34312438964844,"orthographic":false}