{"cameraMode":{"drawMode":0,"name":"Shaded","section":"Shading Mode"},"sceneLighting":true,"audioPlay":false,"sceneViewState":{"showFog":true,"showMaterialUpdate":false,"showSkybox":true,"showFlares":true,"showImageEffects":true,"showParticleSystems":true},"in2DMode":false,"pivot":{"x":188.69566345214845,"y":-76.45011138916016,"z":112.99626159667969},"rotation":{"x":0.26521074771881106,"y":0.7197293639183044,"z":-0.5332003235816956,"w":0.3572545349597931},"size":82.80046081542969,"orthographic":false}