{"cameraMode":{"drawMode":0,"name":"Shaded","section":"Shading Mode"},"sceneLighting":true,"audioPlay":false,"sceneViewState":{"showFog":true,"showMaterialUpdate":false,"showSkybox":true,"showFlares":true,"showImageEffects":true,"showParticleSystems":true},"in2DMode":false,"pivot":{"x":167.5381317138672,"y":-194.60235595703126,"z":-51.464569091796878},"rotation":{"x":-0.41136109828948977,"y":-0.34034234285354617,"z":0.1689329892396927,"w":-0.8285707831382752},"size":202.73135375976563,"orthographic":false}