{"cameraMode":{"drawMode":0,"name":"Shaded","section":"Shading Mode"},"sceneLighting":true,"audioPlay":false,"sceneViewState":{"showFog":true,"showMaterialUpdate":false,"showSkybox":true,"showFlares":true,"showImageEffects":true,"showParticleSystems":true},"in2DMode":false,"pivot":{"x":-8.268264770507813,"y":-98.44074249267578,"z":2.4393157958984377},"rotation":{"x":-0.26092079281806948,"y":0.32384440302848818,"z":-0.09344367682933808,"w":-0.9046745896339417},"size":154.67041015625,"orthographic":false}