{"cameraMode":{"drawMode":0,"name":"Shaded","section":"Shading Mode"},"sceneLighting":true,"audioPlay":false,"sceneViewState":{"showFog":true,"showMaterialUpdate":true,"showSkybox":true,"showFlares":true,"showImageEffects":true,"showParticleSystems":true},"in2DMode":false,"pivot":{"x":9.511573791503907,"y":40.13603210449219,"z":125.16529083251953},"rotation":{"x":0.21857377886772157,"y":-0.24858160316944123,"z":0.057612594217061999,"w":0.9419029951095581},"size":139.39202880859376,"orthographic":false}