{"cameraMode":{"drawMode":0,"name":"Shaded","section":"Shading Mode"},"sceneLighting":true,"audioPlay":false,"sceneViewState":{"showFog":true,"showMaterialUpdate":true,"showSkybox":true,"showFlares":true,"showImageEffects":true,"showParticleSystems":true},"in2DMode":false,"pivot":{"x":-8.033409118652344,"y":46.726261138916019,"z":25.308944702148439},"rotation":{"x":0.46915388107299807,"y":-0.26952043175697329,"z":0.1528368890285492,"w":0.8270148634910584},"size":44.957008361816409,"orthographic":false}