{"cameraMode":{"drawMode":0,"name":"Shaded","section":"Shading Mode"},"sceneLighting":true,"audioPlay":false,"sceneViewState":{"showFog":true,"showMaterialUpdate":false,"showSkybox":true,"showFlares":true,"showImageEffects":true,"showParticleSystems":true},"in2DMode":false,"pivot":{"x":-21.761993408203126,"y":0.10402321815490723,"z":5.436330318450928},"rotation":{"x":0.33836081624031069,"y":-0.3638606369495392,"z":0.14385657012462617,"w":0.8558285236358643},"size":56.99463653564453,"orthographic":false}