{"cameraMode":{"drawMode":0,"name":"Shaded","section":"Shading Mode"},"sceneLighting":true,"audioPlay":false,"sceneViewState":{"showFog":true,"showMaterialUpdate":true,"showSkybox":true,"showFlares":true,"showImageEffects":true,"showParticleSystems":true},"in2DMode":false,"pivot":{"x":36.207733154296878,"y":33.62120819091797,"z":34.0380859375},"rotation":{"x":0.2863761782646179,"y":0.662417471408844,"z":-0.30544865131378176,"w":0.6212455630302429},"size":66.5731201171875,"orthographic":false}