{"cameraMode":{"drawMode":0,"name":"Shaded","section":"Shading Mode"},"sceneLighting":false,"audioPlay":false,"sceneViewState":{"showFog":true,"showMaterialUpdate":false,"showSkybox":false,"showFlares":true,"showImageEffects":true,"showParticleSystems":true},"in2DMode":false,"pivot":{"x":0.012335062026977539,"y":0.35365796089172366,"z":-0.01522219181060791},"rotation":{"x":0.048697732388973239,"y":0.20820492506027223,"z":-0.010369258001446724,"w":0.9768325686454773},"size":3.706070899963379,"orthographic":false}