{"cameraMode":{"drawMode":0,"name":"Shaded","section":"Shading Mode"},"sceneLighting":true,"audioPlay":false,"sceneViewState":{"showFog":true,"showMaterialUpdate":true,"showSkybox":true,"showFlares":true,"showImageEffects":true,"showParticleSystems":true},"in2DMode":false,"pivot":{"x":19.269845962524415,"y":1.3737215995788575,"z":-1.6757125854492188},"rotation":{"x":0.18724629282951356,"y":0.22324301302433015,"z":-0.043810974806547168,"w":0.9556448459625244},"size":4.980222702026367,"orthographic":false}