{"cameraMode":{"drawMode":0,"name":"Shaded","section":"Shading Mode"},"sceneLighting":true,"audioPlay":false,"sceneViewState":{"showFog":true,"showMaterialUpdate":true,"showSkybox":true,"showFlares":true,"showImageEffects":true,"showParticleSystems":true},"in2DMode":false,"pivot":{"x":144.78329467773438,"y":26.285614013671876,"z":-176.5612030029297},"rotation":{"x":-0.3976832926273346,"y":-0.045942068099975589,"z":0.019945790991187097,"w":-0.9162387251853943},"size":25.961868286132814,"orthographic":false}