{"cameraMode":{"drawMode":0,"name":"Shaded","section":"Shading Mode"},"sceneLighting":false,"audioPlay":false,"sceneViewState":{"showFog":true,"showMaterialUpdate":false,"showSkybox":false,"showFlares":true,"showImageEffects":true,"showParticleSystems":true},"in2DMode":false,"pivot":{"x":-0.9977754354476929,"y":0.6007951498031616,"z":-4.470348358154297e-8},"rotation":{"x":-0.11329668015241623,"y":0.8400812745094299,"z":-0.19255395233631135,"w":-0.4943580627441406},"size":1.3072415590286255,"orthographic":false}