{"cameraMode":{"drawMode":0,"name":"Shaded","section":"Shading Mode"},"sceneLighting":false,"audioPlay":false,"sceneViewState":{"showFog":true,"showMaterialUpdate":true,"showSkybox":true,"showFlares":true,"showImageEffects":true,"showParticleSystems":true},"in2DMode":false,"pivot":{"x":0.19221031665802003,"y":0.3356547951698303,"z":0.1263001561164856},"rotation":{"x":-0.1219215989112854,"y":-0.5106746554374695,"z":0.07342517375946045,"w":-0.8479123115539551},"size":4.401390075683594,"orthographic":false}